{
    "title": "Roku Feed (COMEDY)",
    "description": "Used for learning Roku development",
    "items": [
        {
            "id": "C123",
            "title": "Comedy One.",
            "description": "Lorem ipsum dolor sit amet, consectetur adipiscing elit. Sed molestie velit sit amet rhoncus sodales. Suspendisse dignissim maximus mattis. Nullam ornare consectetur velit, ac pretium turpis. Nullam consequat ornare tincidunt.",
            "thumbnail": "http://10.0.0.6:8888/roku_lessons/images/thumbnail-comedy1.jpg",
            "url":"https://devstreaming-cdn.apple.com/videos/streaming/examples/bipbop_16x9/bipbop_16x9_variant.m3u8",
            "streamformat":"hls"
        },
        {
            "id": "C456",
            "title": "Comedy Two.",
            "description": "Lorem ipsum dolor sit amet, consectetur adipiscing elit. Sed molestie velit sit amet rhoncus sodales. Suspendisse dignissim maximus mattis. Nullam ornare consectetur velit, ac pretium turpis. Nullam consequat ornare tincidunt.",
            "thumbnail": "http://10.0.0.6:8888/roku_lessons/images/thumbnail-comedy2.jpg",
            "url":"https://devstreaming-cdn.apple.com/videos/streaming/examples/bipbop_16x9/bipbop_16x9_variant.m3u8",
            "streamformat":"hls"
        }
      ]
  }
